N,M,nrepeat,runtime
4,2,100,7e-06
16,8,100,8e-06
256,128,100,0.001984
1024,512,100,0.046416
4096,2048,100,0.842038
16384,8192,100,13.802108
