N,M,nrepeat,runtime
2_1,4,2,100,4e-06
2_2,4,2,100,0.022752
2_3,4,2,100,0.005033
2_1,16,8,100,8e-06
2_2,16,8,100,0.000879
2_3,16,8,100,0.001086
2_1,256,128,100,0.00208
2_2,256,128,100,0.000554
2_3,256,128,100,0.000783
2_1,1024,512,100,0.047058
2_2,1024,512,100,0.008478
2_3,1024,512,100,0.006247
2_1,4096,2048,100,0.855995
2_2,4096,2048,100,0.231023
2_3,4096,2048,100,0.267475
2_1,16384,8192,100,13.642703
2_2,16384,8192,100,3.479639
2_3,16384,8192,100,3.453998
